"Dấu thời gian","Tên người dùng","Tell us your age?","Satisfaction level when using your application (1 = Very dissatisfied 5 = Very dissatisfied)","In your opinion, this application is suitable for all ages? (1 = Very dissatisfied 5 = Very dissatisfied)","The benefits when you use our application","Please indicate the level of satisfaction with the application use and satisfaction with our application design? [Easy to use application]","Please indicate the level of satisfaction with the application use and satisfaction with our application design? [Easy to understand application design]","Please indicate the level of satisfaction with the application use and satisfaction with our application design? [Color design app that suits your eyes]","Please indicate the level of satisfaction with the application use and satisfaction with our application design? [The design structure is easy and easy to use]","Please indicate the level of satisfaction with the application use and satisfaction with our application design? [The content is easy to understand and easy to apply]","Please indicate the level of satisfaction with the application use and satisfaction with our application design? [Easy to manipulate and use when managing your time]","Please indicate the level of satisfaction with the application use and satisfaction with our application design? [Help you improve your phone usage]","During the use, you have difficulty using our application","Would you like us to add new functions to the application?","Do you have any general feedback for our application","Can you tell us more about your desired functions?"
"2019/11/29 10:58:38 SA GMT+7","minhducand@gmail.com","16-18","5","5","","5","5","5","5","5","5","5","No","Yes","No","Manager added mode"
"2019/11/29 11:02:43 SA GMT+7","minhducpvm@gmail.com","16-18","3","3","","3","4","2","4","3","4","5","No","Yes","No","No"
"2019/11/29 11:05:08 SA GMT+7","hothiphuong@gmail.com","18-25","4","5","Time management","4","5","3","4","2","4","5","yes","yes","yes","N/A"
"2019/11/29 11:06:25 SA GMT+7","ngothiloan@gmail.com","25-35","5","3","","4","5","5","5","5","5","5","Yes","Yes","N/A","N/A"
"2019/11/29 11:07:28 SA GMT+7","trinhgiaphong@gmail.com","More than 35","5","4","","5","5","5","4","5","3","5","YES","YES","YES","YES"
"2019/11/29 11:09:32 SA GMT+7","thathaphonge@gmail.com","16-18","4","4","","4","3","4","5","3","5","5","yes","yes","yes","Add alarm function in the app"
"2019/11/29 11:14:01 SA GMT+7","telephonenumber@gmail.com","More than 35","4","4","No","5","4","5","5","5","5","5","yes","yes","N/A","N/A"
"2019/11/29 11:14:58 SA GMT+7","have@gmail.com","18-25","5","5","","4","4","5","5","4","5","5","yes","yes","yes","N/A"
"2019/12/11 11:09:27 CH GMT+7","congacon@gmail.com","18-25","4","2","manage time","4","3","3","4","3","4","3","There is no difficulty","N/A","N/A","N/A"
"2019/12/11 11:15:22 CH GMT+7","hothiphuong@gmail.com","More than 35","5","5","Protect the good health of users","5","5","4","3","4","4","5","No","yes","No","Lock facebook app if I use too much"
"2019/12/11 11:18:09 CH GMT+7","nnhi9428@gmail.com","18-25","5","3","study, find infomation","5","5","5","5","5","5","5","no difficutly","no","easy to use","i think everything enough"